id;rubrica_literal;exercicios;parecer;evidencias;observacao
R01;O aluno demonstrou que sabe configurar um ambiente virtual Python isolado, subir o servidor uvicorn evidenciando a resposta das rotas e organizar a aplicação em módulos routes, models e database?;1;Atendido;"app/main.py; app/routes/consultas.py; tests/test_consultas.py";"Ambiente isolado Python3.12 e API/Uvicorn exercitada por HTTP real; versao do starter nao e criterio adicional. Capturas reais da apresentacao ainda pendentes."
R02;O aluno demonstrou que sabe usar response_model do Pydantic para controlar exatamente quais campos são expostos ao cliente da API?;2;Atendido;"app/models/consulta.py; tests/test_exposicao_templates.py";"Seis propriedades publicas; metadados internos excluidos."
R03;O aluno demonstrou que sabe justificar tecnicamente o risco de exposição de dados sensíveis quando response_model não é definido?;2;Atendido;docs/exercicio_02.md;"Justificativa de risco de exposicao; contratos nao substituem ownership."
R04;O aluno demonstrou que sabe integrar templates Jinja2 com herança e auto-escape, prevenindo XSS na renderização de conteúdo de usuário?;2;Atendido;"app/core/templates.py; app/templates/base.html; app/templates/agenda.html";"Heranca e autoescape; testes de payload persistido."
R05;O aluno demonstrou que sabe aplicar a tríade CIA e mapear frameworks de referência (OWASP, NIST SSDF, MITRE) a controles concretos da própria aplicação?;3;Atendido;docs/exercicio_03.md;"CIA; OWASP/NIST SSDF/MITRE CWE relacionados a controles da baseline."
R06;O aluno demonstrou que sabe construir um DFD básico identificando trust boundaries e fluxos de dados sensíveis?;3;Atendido;"docs/dfd_exercicio_03.mmd; docs/dfd_exercicio_03.png";Fluxos sensiveis e fronteiras identificados.
R07;O aluno demonstrou que sabe elaborar misuse cases relacionados a vetores de ataque reais da própria aplicação?;4;Atendido;"docs/exercicio_04.md; docs/Exercicio_04_Threat_Model.json";"10 misuse cases; separar cenarios historicos de controles atuais."
R08;O aluno demonstrou que sabe aplicar STRIDE e construir um threat model completo, com ativos, superfícies de ataque e mitigações rastreáveis?;4;Atendido;"docs/exercicio_04.md; docs/Exercicio_13_Rastreabilidade.json";"14 ameacas; STRIDE em quatro componentes; ativos/superficies/mitigacoes."
R09;O aluno demonstrou que sabe identificar fronteiras de segurança e vetores de ataque nos três eixos de segurança de APIs?;5;Atendido;docs/exercicio_05.md;"Oito particoes e 12 vetores; design, implementacao e infraestrutura."
R10;O aluno demonstrou que sabe implementar autenticação OAuth2PasswordBearer com hashing bcrypt e proteger rotas com verificação de ownership?;6;Atendido;"app/auth/dependencies.py; app/auth/security.py; app/auth/policies.py";OAuth2PasswordBearer, bcrypt e ownership implementados.
R11;O aluno demonstrou que sabe implementar JWT com expiração de sessão, MFA simulado e justificar a escolha entre RBAC, ABAC e autorização por recurso?;6;Atendido;"app/routes/auth.py; docs/exercicio_06.md; tests/test_auth.py";Expiracao/revogacao, MFA simulado e RBAC mais autorizacao por recurso.
R12;O aluno demonstrou que sabe selecionar o fluxo OAuth 2.0 adequado e configurar escopos e claims JWT diferenciando clientes humanos e M2M?;7;Atendido;"docs/exercicio_07.md; tests/test_exercicio07.py; evidencias/conformidade_2026-10-02/m2m-evidence.json";"Client Credentials, scope minimo, claims/audience e identidades separados; revogacao e vinculos revalidados."
R13;O aluno demonstrou que sabe identificar padrões vulneráveis do OWASP Top 10 lendo código FastAPI, cobrindo pelo menos três categorias distintas?;8;Atendido;docs/exercicio_08.md;"Tres categorias distintas analisadas manualmente; ressalva BOLA na rubrica14."
R14;O aluno demonstrou que sabe identificar e corrigir uma falha de BOLA implementando verificação de ownership de forma centralizada?;8/9;Atendido;"tests/test_lab_isolado.py; app/auth/policies.py; evidencias/conformidade_2026-10-02/lab-before-after.json";"Laboratorio reconstruido isolado: mesmo ator/ID, 200 com exposicao antes e 404 depois; sem alegacao historica."
R15;O aluno demonstrou que sabe implementar validação por whitelist e regex, e configurar Pydantic com extra='forbid' para prevenir injeção e dados não declarados?;9;Atendido;"app/models/entrada.py; app/models/consulta.py; app/auth/validation.py";"Whitelist, regex, extra forbid; endpoint adicional browser-session corrigido."
R16;O aluno demonstrou que sabe corrigir uma falha de XSS stored aplicando output encoding com auto-escape do Jinja2?;2/9;Atendido;"tests/test_lab_isolado.py; app/core/templates.py; evidencias/conformidade_2026-10-02/lab-before-after.json";"Mesmo payload persistido: elemento script no laboratorio sem escape; zero e texto escapado na aplicacao final. Sem execucao browser alegada."
R17;O aluno demonstrou que sabe configurar CORS com allowlist, cabeçalhos de segurança HSTS, X-Frame-Options e X-Content-Type-Options, e rate limiting diferenciado?;10;Atendido;"app/core/network.py; app/auth/middleware.py; tests/test_exercicio10.py";"CORS explicito, HSTS/XFO/XCTO e quotas diferenciadas; TLS real fora da prova local."
R18;O aluno demonstrou que sabe migrar a persistência para SQLModel com queries parametrizadas e gerenciar credenciais via BaseSettings e .env, sem hardcoding?;11;Atendido;"app/database/session.py; app/core/config.py; tests/test_exercicio11.py";"SQLModel, DI, BaseSettings/.env e queries parametrizadas; persistencia adotada antecipadamente."
R19;O aluno demonstrou que sabe classificar, com justificativa escrita amarrada ao próprio pipeline construído, a fase do SDLC em que cada tipo de ferramenta de análise de segurança (estática, dinâmica, de dependências, interativa) deveria atuar?;12;Atendido;"docs/exercicio_12.md; .github/workflows/security.yml";"SAST/SCA/DAST/IAST posicionados e justificados; IAST nao executado, sem alegacao contraria."
R20;O aluno demonstrou que sabe priorizar vulnerabilidades com critérios CVSS e impacto de negócio?;12;Atendido;"security/risk-register.json; docs/exercicio_12.md";CVSS3.1 recalculado dos vetores e impacto de negocio contextual.
R21;O aluno demonstrou que sabe implementar, em GitHub Actions, um security gate cujo critério de bloqueio foi definido e justificado pelo próprio aluno, impedindo merge de código acima desse critério de severidade?;12;Atendido;"docs/Prova_GitHub_R21_2026-10-03.md; evidencias/github_r21_2026-10-03; evidencias/capturas_2026-10-03";"Actions real aprovado/reprovado; regra main persistida; merge bloqueado com check Required e liberado apos correcao no PR."
R22;O aluno demonstrou que sabe criar uma estratégia de testes de segurança rastreável ao threat model do Exercício 4, expandindo em pytest o teste de autorização iniciado no Exercício 6 para cobrir outros vetores de ataque mapeados?;12;Atendido;"tests/test_exercicio12.py; security/threat-tests.json";"Autorizacao e outros vetores vinculados a TH do Ex4; testes obrigatorios exigidos."
R23;O aluno demonstrou que sabe executar e interpretar um scan passivo OWASP ZAP contra a própria aplicação, correlacionando cada finding à categoria OWASP correspondente e à correção aplicada no relatório de rastreabilidade, incluindo o risco residual identificado e a justificativa sobre bloquear ou não o deploy?;13;Atendido;"docs/exercicio_13.md; docs/Correcoes_Conformidade_2026-10-02.md; docs/Exercicio_13_Rastreabilidade_2026-10-02.json; evidencias/conformidade_2026-10-02/zap.json";"Rodada real02/10: ZAP2.17,12respostas,2Informational; correlacao OWASP/controles e NO-GO operacional preservados."
R24;O aluno demonstrou que sabe escrever testes unitários pytest com mocking, cobrindo o teste inicial do Exercício 1 e os demais pontos de entrada e autorização da aplicação, além de auditar a especificação OpenAPI identificando falhas de design de segurança?;13;Atendido;"tests/test_sucesso_mock.py; tests/test_exercicio13.py; scripts/audit_openapi.py";"Criacao/leitura com Session autospec; mocks de entrada/autorizacao e auditoria estrutural OpenAPI."
